title,url,status,property_type,price,address,city,state,bedrooms,bathrooms,size_m2,image_url
Location d'une maison S3 pour habitation,https://www.mubawab.tn/fr/a/8285483/location-d-une-maison-s3-pour-habitation,À louer,Appartement,600 TND,Nouvelle Medina,Nouvelle Medina,Nouvelle Medina,3,1,100,
Triplex à la soukra chotrana 3,https://www.mubawab.tn/fr/a/8280542/triplex-%C3%A0-la-soukra-chotrana-3,À louer,Autre,2 800 TND,Chotrana 3,La Soukra,La Soukra,4,4,250,
"Villa rénovée S4, piscine – Jinen Hammamet",https://www.mubawab.tn/fr/a/8278313/villa-r%C3%A9nov%C3%A9e-s4-piscine-%E2%80%93-jinen-hammamet,À louer,Villa,5 000 TND,Hammamet Sud,Hammamet,Hammamet,4,3,240,
A LOUER – S2 110 m² – Ain Zaghouan,https://www.mubawab.tn/fr/a/8204262/a-louer-%E2%80%93-s2-110-m%C2%B2-%E2%80%93-ain-zaghouan,À louer,Appartement,1 450 TND,Ain Zaghouan Nord,La Marsa,La Marsa,2,2,110,
A louer un s2 au rez de chaussée à la Marsa,https://www.mubawab.tn/fr/a/8284206/a-louer-un-s2-au-rez-de-chauss%C3%A9e-%C3%A0-la-marsa,À louer,Appartement,3 800 TND,La Marsa,La Marsa,La Marsa,3,1,Non spécifié,
A louer H2 haut standing au Centre Urbain Nord,https://www.mubawab.tn/fr/a/8289138/a-louer-h2-haut-standing-au-centre-urbain-nord,À louer,Autre,2 200 TND,Centre Urbain Nord,Cité El Khadra,Cité El Khadra,0,2,77,
Ennasr 2 à louer spacieux Triplex S4,https://www.mubawab.tn/fr/a/8138988/ennasr-2-%C3%A0-louer-spacieux-triplex-s4,À louer,Autre,À consulter,Cité Ennasr 2,Ariana Ville,Ariana Ville,4,2,210,
Immeuble en open space haut standing ZA Kheireddine,https://www.mubawab.tn/fr/p/4482/immeuble-en-open-space-haut-standing-za-kheireddine,À louer,Autre, TND,Le Kram,Le Kram,Le Kram,0,0,Non spécifié,
A louer au RDC un open space de 867m²,https://www.mubawab.tn/fr/pa/8219061/a-louer-au-rdc-un-open-space-de-867m%C2%B2,À louer,Autre,16 000 TND,Le Kram,Le Kram,Le Kram,0,5,867,
Location villa a carthage hannibal vue mer,https://www.mubawab.tn/fr/a/8221438/location-villa-a-carthage-hannibal-vue-mer,À louer,Villa,5 000 TND,Carthage,Carthage,Carthage,4,3,350,
Location villa AVEC un grand jardin a mutuelleville,https://www.mubawab.tn/fr/a/8162823/location-villa-avec-un-grand-jardin-a-mutuelleville,À louer,Villa,4 000 TND,Mutuelle Ville,El Menzah,El Menzah,4,2,500,
Location des bureaux neuf a el menzah 1,https://www.mubawab.tn/fr/a/8246419/location-des-bureaux-neuf-a-el-menzah-1,À louer,Bureau,1 300 TND,El Menzah 1,El Menzah,El Menzah,0,1,120,
Location étage de villa neuf a el menzah 1,https://www.mubawab.tn/fr/a/8271876/location-%C3%A9tage-de-villa-neuf-a-el-menzah-1,À louer,Villa,2 500 TND,El Menzah 1,El Menzah,El Menzah,3,4,200,
Villa de style colonial à la Marsa,https://www.mubawab.tn/fr/a/8002838/villa-de-style-colonial-%C3%A0-la-marsa,À louer,Villa,4 200 TND,La Marsa,La Marsa,La Marsa,3,2,180,
Luxueux loft vue mer à Gammarth,https://www.mubawab.tn/fr/a/7997291/luxueux-loft-vue-mer-%C3%A0-gammarth,À louer,Autre,À consulter,La Marsa,La Marsa,La Marsa,1,0,70,
Villa S4 vue sur la mer,https://www.mubawab.tn/fr/a/8145812/villa-s4-vue-sur-la-mer,À louer,Villa,14 000 TND,La Marsa,La Marsa,La Marsa,4,0,420,
Villa s4 à la Marsa,https://www.mubawab.tn/fr/a/8264359/villa-s4-%C3%A0-la-marsa,À louer,Villa,3 500 TND,Gammarth Supérieur,La Marsa,La Marsa,4,0,500,
Rez de chaussée S3 à La Marsa Ville,https://www.mubawab.tn/fr/a/8247738/rez-de-chauss%C3%A9e-s3-%C3%A0-la-marsa-ville,À louer,Appartement,2 000 TND,La Marsa,La Marsa,La Marsa,3,0,170,
Unique villa jumelée à la marsa,https://www.mubawab.tn/fr/a/7167589/unique-villa-jumel%C3%A9e-%C3%A0-la-marsa,À louer,Villa,7 500 TND,La Marsa,La Marsa,La Marsa,4,2,250,
Un Magnifique Studio à Gammarth,https://www.mubawab.tn/fr/a/8083185/un-magnifique-studio-%C3%A0-gammarth,À louer,Autre,2 500 TND,La Marsa,La Marsa,La Marsa,1,0,500,
Magnifique villa à la Marsaa,https://www.mubawab.tn/fr/a/8199658/magnifique-villa-%C3%A0-la-marsaa,À louer,Villa,8 000 TND,La Marsa,La Marsa,La Marsa,4,0,500,
Villa S4 avec piscine au Lac 2,https://www.mubawab.tn/fr/a/8265353/villa-s4-avec-piscine-au-lac-2,À louer,Villa,9 000 TND,Les Berges Du Lac 2,La Marsa,La Marsa,4,4,Non spécifié,
Penthouse S3 vue sur mer avec piscine commune,https://www.mubawab.tn/fr/a/8266090/penthouse-s3-vue-sur-mer-avec-piscine-commune,À louer,Appartement,7 000 TND,Gammarth,La Marsa,La Marsa,3,2,Non spécifié,
A louer étage de villa a Ain zaghouan nord,https://www.mubawab.tn/fr/a/8247059/a-louer-%C3%A9tage-de-villa-a-ain-zaghouan-nord,À louer,Villa,1 600 TND,Ain Zaghouan Nord,La Marsa,La Marsa,3,2,200,
Espace Haut Standing 100m2 avec Jardin privatif 100m2,https://www.mubawab.tn/fr/a/8288637/espace-haut-standing-100m2-avec-jardin-privatif-100m2,À louer,Autre,4 000 TND,Les Berges Du Lac 2,La Marsa,La Marsa,0,1,100,
Triplex UV4 MENZEH 6 grand potentiel,https://www.mubawab.tn/fr/a/8286719/triplex-uv4-menzeh-6-grand-potentiel,À louer,Autre,2 400 TND,El Menzah 4,El Menzah,El Menzah,6,2,200,
A LOUER immeuble de standing a usage de bureaux,https://www.mubawab.tn/fr/a/8284532/a-louer-immeuble-de-standing-a-usage-de-bureaux,À louer,Bureau,20 000 TND,La Fayette,Tunis,Tunis,0,1,1100,
NEUF Jamais Habité S2 Vue Dégagée Parking S/Sol et Équipemen...,https://www.mubawab.tn/fr/a/8245546/neuf-jamais-habit%C3%A9-s2-vue-d%C3%A9gag%C3%A9e-parking-s-sol-et-%C3%A9quipements-de-standing,À louer,Appartement,1 250 TND,Ain Zaghouan Nord,La Marsa,La Marsa,2,1,83,
A louer bureau H4 a Montplaisir,https://www.mubawab.tn/fr/a/8289172/a-louer-bureau-h4-a-montplaisir,À louer,Bureau,1 500 TND,Cité El Khadra,Cité El Khadra,Cité El Khadra,0,1,120,
A louer villa S5 bien entretenue à Riadh Andalous,https://www.mubawab.tn/fr/a/8286232/a-louer-villa-s5-bien-entretenue-%C3%A0-riadh-andalous,À louer,Villa,3 400 TND,Riadh al Andalous,Ariana Ville,Ariana Ville,5,4,450,
Villa meublée avec piscine DJERBA,https://www.mubawab.tn/fr/a/8289159/villa-meubl%C3%A9e-avec-piscine-djerba,À louer,Villa,2 000 TND,Djerba,Djerba,Djerba,3,2,140,
ENNASR 2; à louer spacieux DUPLEX S3,https://www.mubawab.tn/fr/a/8287202/ennasr-2-%C3%A0-louer-spacieux-duplex-s3,À louer,Appartement,À consulter,Cité Ennasr 2,Ariana Ville,Ariana Ville,3,2,160,
"Plateaux bureaux à louer, charguia2",https://www.mubawab.tn/fr/a/8272978/plateaux-bureaux-%C3%A0-louer-charguia2,À louer,Bureau,30 795 TND,Charguia 2,La Soukra,La Soukra,0,8,2053,
La marsa résidence,https://www.mubawab.tn/fr/a/8258558/la-marsa-r%C3%A9sidence,À louer,Autre,2 800 TND,La Marsa,La Marsa,La Marsa,4,2,200,
Non spécifié,,À louer,Autre,Non spécifié,Non spécifié,Non spécifié,Non spécifié,0,0,Non spécifié,
A louer au 1er étage un open space de 700 m2,https://www.mubawab.tn/fr/pa/8219938/a-louer-au-1er-%C3%A9tage-un-open-space-de-700-m2,À louer,Autre,12 000 TND,Le Kram,Le Kram,Le Kram,0,4,700,
"À louer – Studio S0 meublé à My House 1, Chotrana 1",https://www.mubawab.tn/fr/pa/8253720/%C3%A0-louer-%E2%80%93-studio-s0-meubl%C3%A9-%C3%A0-my-house-1-chotrana-1,À louer,Autre,1 100 TND,Chotrana 1,La Soukra,La Soukra,1,1,33,
"À louer – Appartement S1 vide à My House 1, Chotrana 1",https://www.mubawab.tn/fr/pa/8253718/%C3%A0-louer-%E2%80%93-appartement-s1-vide-%C3%A0-my-house-1-chotrana-1,À louer,Appartement,1 150 TND,Chotrana 1,La Soukra,La Soukra,1,1,44,
Location joli appartement pieds dans l'eau,https://www.mubawab.tn/fr/a/8245424/location-joli-appartement-pieds-dans-l-eau,À louer,Appartement,À consulter,La Marsa,La Marsa,La Marsa,2,3,150,
A LOUER 1300 m² open space immeuble Zen LAC I,https://www.mubawab.tn/fr/pa/7468105/a-louer-1300-m%C2%B2-open-space-immeuble-zen-lac-i,À louer,Autre,À consulter,Les Berges Du Lac 1,La Marsa,La Marsa,0,1,1300,
Location étage de villa stnading a el menzah 1,https://www.mubawab.tn/fr/a/8289071/location-%C3%A9tage-de-villa-stnading-a-el-menzah-1,À louer,Villa,2 500 TND,El Menzah 1,El Menzah,El Menzah,3,2,238,
Location villa standing s 4 a mutuelleville,https://www.mubawab.tn/fr/a/8256221/location-villa-standing-s-4-a-mutuelleville,À louer,Villa,3 800 TND,Mutuelle Ville,El Menzah,El Menzah,3,3,400,
JINENE SOUKRA 1: Luxe et Confort à Chotrana 3,https://www.mubawab.tn/fr/p/4083/jinene-soukra-1-luxe-et-confort-%C3%A0-chotrana-3,À louer,Autre, TND,Chotrana 3,La Soukra,La Soukra,0,0,Non spécifié,
Location immeuble meublée a el menzah 1,https://www.mubawab.tn/fr/a/8283597/location-immeuble-meubl%C3%A9e-a-el-menzah-1,À louer,Autre,9 000 TND,El Menzah 1,El Menzah,El Menzah,0,4,450,
Location grand appartement marsa plage,https://www.mubawab.tn/fr/a/8196182/location-grand-appartement-marsa-plage,À louer,Appartement,4 500 TND,La Marsa,La Marsa,La Marsa,3,3,200,
Appartement S3 à louer aux Jardins de Carthage,https://www.mubawab.tn/fr/a/8285997/appartement-s3-%C3%A0-louer-aux-jardins-de-carthage,À louer,Appartement,3 500 TND,Les Jardins de Carthage,Le Kram,Le Kram,3,0,200,
Un S1 meublé a louer au jardin de Carthage,https://www.mubawab.tn/fr/a/8254440/un-s1-meubl%C3%A9-a-louer-au-jardin-de-carthage,À louer,Appartement,2 300 TND,Les Jardins de Carthage,Le Kram,Le Kram,1,1,Non spécifié,
Un S2 neuf a louer au jardin de Carthage,https://www.mubawab.tn/fr/a/8286693/un-s2-neuf-a-louer-au-jardin-de-carthage,À louer,Appartement,2 500 TND,Les Jardins de Carthage,Le Kram,Le Kram,2,2,Non spécifié,
Un Appartement S4 a louer au jardin de Carthage,https://www.mubawab.tn/fr/a/8287419/un-appartement-s4-a-louer-au-jardin-de-carthage,À louer,Appartement,3 200 TND,Les Jardins de Carthage,Le Kram,Le Kram,4,1,Non spécifié,
"Bureau 2 pers. À Tunis, Le Golfe de Tunis",https://www.mubawab.tn/fr/a/8078127/bureau-2-pers-%C3%A0-tunis-le-golfe-de-tunis,À louer,Bureau,1 739 TND,Carthage,Carthage,Carthage,0,1,10,
"Bureau tout inclus 2 pers. À TUNIS, Carthage",https://www.mubawab.tn/fr/a/8077321/bureau-tout-inclus-2-pers-%C3%A0-tunis-carthage,À louer,Bureau,1 179 TND,Carthage,Carthage,Carthage,0,1,Non spécifié,
A louer un S2 avec jardin aux Jardin de Carthage,https://www.mubawab.tn/fr/a/8279139/a-louer-un-s2-avec-jardin-aux-jardin-de-carthage,À louer,Appartement,1 850 TND,Les Jardins de Carthage,Le Kram,Le Kram,2,3,140,
S1 richement meublé à la Marsa,https://www.mubawab.tn/fr/a/7880155/s1-richement-meubl%C3%A9-%C3%A0-la-marsa,À louer,Appartement,1 500 TND,La Marsa,La Marsa,La Marsa,1,1,50,
Appartement S3 en Location aux Jardins de carthage,https://www.mubawab.tn/fr/a/8215386/appartement-s3-en-location-aux-jardins-de-carthage,À louer,Appartement,2 100 TND,Les Jardins de Carthage,Le Kram,Le Kram,3,3,150,
Villa haut standing avec piscine au Lac2,https://www.mubawab.tn/fr/a/8284230/villa-haut-standing-avec-piscine-au-lac2,À louer,Villa,8 000 TND,Les Berges Du Lac 2,La Marsa,La Marsa,4,4,450,
Duplex S2 meublé Neuf aux Jardins de Carthage,https://www.mubawab.tn/fr/a/8281148/duplex-s2-meubl%C3%A9-neuf-aux-jardins-de-carthage,À louer,Appartement,5 500 TND,Les Jardins de Carthage,Le Kram,Le Kram,2,3,2025,
Appartement S3 meublé à Gammarth vue sur mer,https://www.mubawab.tn/fr/a/8282037/appartement-s3-meubl%C3%A9-%C3%A0-gammarth-vue-sur-mer,À louer,Appartement,4 000 TND,Gammarth,La Marsa,La Marsa,3,3,200,
Triplex de prestige avec jardin et piscine,https://www.mubawab.tn/fr/a/8272515/triplex-de-prestige-avec-jardin-et-piscine,À louer,Autre,6 500 TND,Gammarth,La Marsa,La Marsa,4,4,350,
S3 220m places de parking et cellier,https://www.mubawab.tn/fr/a/8264886/s3-220m-places-de-parking-et-cellier,À louer,Appartement,3 000 TND,Cité Du Stade,La Marsa,La Marsa,3,2,220,
S2 meublé à La marsa plage,https://www.mubawab.tn/fr/a/8289012/s2-meubl%C3%A9-%C3%A0-la-marsa-plage,À louer,Appartement,4 200 TND,La Marsa,La Marsa,La Marsa,2,2,Non spécifié,
Une grande villa meublée plain pied à la soukra,https://www.mubawab.tn/fr/a/8257491/une-grande-villa-meubl%C3%A9e-plain-pied-%C3%A0-la-soukra,À louer,Villa,6 500 TND,La Soukra,La Soukra,La Soukra,4,2,1000,
Une villa s3 à gammarth avec piscine,https://www.mubawab.tn/fr/a/8222973/une-villa-s3-%C3%A0-gammarth-avec-piscine,À louer,Appartement,5 500 TND,Gammarth,La Marsa,La Marsa,3,2,350,
Une villa s5 avec jardin au lac1,https://www.mubawab.tn/fr/a/8223197/une-villa-s5-avec-jardin-au-lac1,À louer,Villa,5 500 TND,Les Berges Du Lac 1,La Marsa,La Marsa,5,2,250,
Un appartement neuf s3 au jardin de carthage,https://www.mubawab.tn/fr/a/8215925/un-appartement-neuf-s3-au-jardin-de-carthage,À louer,Appartement,3 000 TND,Les Jardins de Carthage,Le Kram,Le Kram,3,2,150,
Appartement S2 meublé à Gammarth,https://www.mubawab.tn/fr/a/8276654/appartement-s2-meubl%C3%A9-%C3%A0-gammarth,À louer,Appartement,1 900 TND,Gammarth,La Marsa,La Marsa,2,2,Non spécifié,
Un appartement S3 a louer à Ain Zaghouan Sud,https://www.mubawab.tn/fr/a/8287794/un-appartement-s3-a-louer-%C3%A0-ain-zaghouan-sud,À louer,Appartement,2 000 TND,Ain Zaghouan Sud,La Marsa,La Marsa,3,3,Non spécifié,
Villa S4 neuve avec piscine à Gammarth,https://www.mubawab.tn/fr/a/8078130/villa-s4-neuve-avec-piscine-%C3%A0-gammarth,À louer,Villa,6 500 TND,Gammarth,La Marsa,La Marsa,4,3,Non spécifié,
Appartement S2 meublé avec terrasse aux JDC,https://www.mubawab.tn/fr/a/8288986/appartement-s2-meubl%C3%A9-avec-terrasse-aux-jdc,À louer,Appartement,4 000 TND,Les Jardins de Carthage,Le Kram,Le Kram,2,2,Non spécifié,
Grande et élégante villa à Sidi Bou Said,https://www.mubawab.tn/fr/a/8288967/grande-et-%C3%A9l%C3%A9gante-villa-%C3%A0-sidi-bou-said,À louer,Villa,10 000 TND,Sidi Bousaid,Carthage,Carthage,6,6,500,
Non spécifié,,À louer,Autre,Non spécifié,Non spécifié,Non spécifié,Non spécifié,0,0,Non spécifié,
Villa avec piscine Hammamet centre,https://www.mubawab.tn/fr/a/8241312/villa-avec-piscine-hammamet-centre,À louer,Villa,3 000 TND,Hammamet,Hammamet,Hammamet,3,3,150,
Appartement S1 meublé à l’aouina,https://www.mubawab.tn/fr/a/8226946/appartement-s1-meubl%C3%A9-%C3%A0-l%E2%80%99aouina,À louer,Appartement,1 500 TND,Aouina,La Marsa,La Marsa,1,1,67,
Appartement S2 meublé au jardin de carthage,https://www.mubawab.tn/fr/a/8006627/appartement-s2-meubl%C3%A9-au-jardin-de-carthage,À louer,Appartement,2 400 TND,Les Jardins de Carthage,Le Kram,Le Kram,2,1,130,
Appartement S3 au jardin de Carthage,https://www.mubawab.tn/fr/a/8259915/appartement-s3-au-jardin-de-carthage,À louer,Appartement,1 900 TND,Les Jardins de Carthage,Le Kram,Le Kram,3,2,167,
Villa avec piscine à gammarth,https://www.mubawab.tn/fr/a/8165539/villa-avec-piscine-%C3%A0-gammarth,À louer,Villa,7 800 TND,La Marsa,La Marsa,La Marsa,5,4,800,
Appartement S3 au lac 2,https://www.mubawab.tn/fr/a/8283993/appartement-s3-au-lac-2,À louer,Appartement,2 500 TND,Les Berges Du Lac 2,La Marsa,La Marsa,3,1,150,
Appartement S4 les berges du lac 2 vue dégagée,https://www.mubawab.tn/fr/a/8110169/appartement-s4-les-berges-du-lac-2-vue-d%C3%A9gag%C3%A9e,À louer,Appartement,3 300 TND,Les Berges Du Lac 2,La Marsa,La Marsa,4,2,180,
Immeuble en open space haut standing ZA Kheireddine,https://www.mubawab.tn/fr/p/4482/immeuble-en-open-space-haut-standing-za-kheireddine,À louer,Autre, TND,Le Kram,Le Kram,Le Kram,0,0,3000,
Appartement S1 les berges du lac 2,https://www.mubawab.tn/fr/a/8172487/appartement-s1-les-berges-du-lac-2,À louer,Appartement,3 000 TND,Les Berges Du Lac 2,La Marsa,La Marsa,1,1,100,
Duplex S3 Meublé terrasse à louer à Carthage,https://www.mubawab.tn/fr/a/8286504/duplex-s3-meubl%C3%A9-terrasse-%C3%A0-louer-%C3%A0-carthage,À louer,Appartement,4 000 TND,Carthage,Carthage,Carthage,3,2,250,
S3 piscine et vue mer à louer au coeur de la Marsa,https://www.mubawab.tn/fr/a/8270300/s3-piscine-et-vue-mer-%C3%A0-louer-au-coeur-de-la-marsa,À louer,Appartement,7 000 TND,La Marsa,La Marsa,La Marsa,3,2,220,
S3 avec une vue sur mer à louer à Gammarth,https://www.mubawab.tn/fr/a/8210907/s3-avec-une-vue-sur-mer-%C3%A0-louer-%C3%A0-gammarth,À louer,Appartement,4 500 TND,Gammarth,La Marsa,La Marsa,3,2,300,
S3 Meublé pied dans l'eau à louer à la Marsa,https://www.mubawab.tn/fr/a/8250644/s3-meubl%C3%A9-pied-dans-l-eau-%C3%A0-louer-%C3%A0-la-marsa,À louer,Appartement,7 500 TND,La Marsa,La Marsa,La Marsa,3,3,250,
S3 meublé vue mer à louer au cœur de la Marsa,https://www.mubawab.tn/fr/a/8270314/s3-meubl%C3%A9-vue-mer-%C3%A0-louer-au-c%C5%93ur-de-la-marsa,À louer,Appartement,6 000 TND,La Marsa,La Marsa,La Marsa,3,2,220,
S1 Meublé à louer à la Marsa,https://www.mubawab.tn/fr/a/8254649/s1-meubl%C3%A9-%C3%A0-louer-%C3%A0-la-marsa,À louer,Appartement,1 900 TND,La Marsa,La Marsa,La Marsa,1,1,65,
S2 Meublé à louer au coeur de la Marsa,https://www.mubawab.tn/fr/a/8286484/s2-meubl%C3%A9-%C3%A0-louer-au-coeur-de-la-marsa,À louer,Appartement,3 500 TND,La Marsa,La Marsa,La Marsa,2,1,120,
Appartement s2 meublé à louer vue sur mer,https://www.mubawab.tn/fr/a/8235959/appartement-s2-meubl%C3%A9-%C3%A0-louer-vue-sur-mer,À louer,Appartement,1 300 TND,Sidi El Mahrsi,Nabeul,Nabeul,2,1,120,
Entrepôt en location,https://www.mubawab.tn/fr/a/8244951/entrep%C3%B4t-en-location,À louer,Autre,1 200 TND,Sahline,Sahline,Sahline,0,0,365,
Un showroom à louer,https://www.mubawab.tn/fr/a/8288645/un-showroom-%C3%A0-louer,À louer,Autre,7 500 TND,La Soukra,La Soukra,La Soukra,0,1,700,
Hall2 en location,https://www.mubawab.tn/fr/a/8236926/hall2-en-location,À louer,Autre,800 TND,Sahline,Sahline,Sahline,0,0,90,
Entrepôt en location,https://www.mubawab.tn/fr/a/8277866/entrep%C3%B4t-en-location,À louer,Autre,1 700 TND,Sahline,Sahline,Sahline,0,0,220,
Local commercial en location,https://www.mubawab.tn/fr/a/8277853/local-commercial-en-location,À louer,Local Commercial,1 600 TND,Sahline,Sahline,Sahline,0,0,110,
Bureaux pour 10 personnes à Le Golfe de Tunis,https://www.mubawab.tn/fr/a/8078142/bureaux-pour-10-personnes-%C3%A0-le-golfe-de-tunis,À louer,Bureau,7 859 TND,Carthage,Carthage,Carthage,0,1,45,
"Bureau ouvert pour entreprises à TUNIS, Carthage",https://www.mubawab.tn/fr/a/8077452/bureau-ouvert-pour-entreprises-%C3%A0-tunis-carthage,À louer,Bureau,5 349 TND,Carthage,Carthage,Carthage,0,1,45,
Location Penthouse au Jardin De Carthage,https://www.mubawab.tn/fr/a/8103510/location-penthouse-au-jardin-de-carthage,À louer,Autre,4 500 TND,Les Jardins de Carthage,Le Kram,Le Kram,4,2,240,
Appartement S3 à Gamarth,https://www.mubawab.tn/fr/a/8204381/appartement-s3-%C3%A0-gamarth,À louer,Appartement,4 800 TND,Gammarth,La Marsa,La Marsa,3,3,120,
Location appartement s2 à Chotrana 1,https://www.mubawab.tn/fr/a/8223453/location-appartement-s2-%C3%A0-chotrana-1,À louer,Appartement,1 250 TND,Chotrana 1,La Soukra,La Soukra,2,1,108,
Location appartement S2 meublé à Chotrana 1,https://www.mubawab.tn/fr/a/8224236/location-appartement-s2-meubl%C3%A9-%C3%A0-chotrana-1,À louer,Appartement,2 700 TND,Aéroport Tunis Carthage,La Soukra,La Soukra,2,1,108,
Location Bureau à Charguia 1,https://www.mubawab.tn/fr/a/8229974/location-bureau-%C3%A0-charguia-1,À louer,Bureau,6 000 TND,Charguia 1,La Soukra,La Soukra,0,1,500,
"A louer S1, neuf avec jardin aux Jardins de Carthage",https://www.mubawab.tn/fr/a/8256139/a-louer-s1-neuf-avec-jardin-aux-jardins-de-carthage,À louer,Appartement,1 500 TND,La Marsa,La Marsa,La Marsa,1,1,70,
Location Bureau à Charguia 1,https://www.mubawab.tn/fr/a/8273847/location-bureau-%C3%A0-charguia-1,À louer,Bureau,6 000 TND,Charguia,Cité El Khadra,Cité El Khadra,0,5,500,
A louer un Duplex S2 Neuf à Bhar Lazrag la Marsa,https://www.mubawab.tn/fr/a/8284758/a-louer-un-duplex-s2-neuf-%C3%A0-bhar-lazrag-la-marsa,À louer,Appartement,1 700 TND,Bhar Lazreg,La Marsa,La Marsa,2,1,140,
A louer S2 Neuf à Bhar Lazrag Marsa,https://www.mubawab.tn/fr/a/8284781/a-louer-s2-neuf-%C3%A0-bhar-lazrag-marsa,À louer,Appartement,1 500 TND,Bhar Lazreg,La Marsa,La Marsa,2,1,110,
Dépôt a louer à Bhar Lazrag,https://www.mubawab.tn/fr/a/8285662/d%C3%A9p%C3%B4t-a-louer-%C3%A0-bhar-lazrag,À louer,Autre,1 800 TND,Bhar Lazreg,La Marsa,La Marsa,0,1,200,
Non spécifié,,À louer,Autre,Non spécifié,Non spécifié,Non spécifié,Non spécifié,0,0,Non spécifié,
Appartement S2 meublé aux berges du lac 2,https://www.mubawab.tn/fr/a/8153267/appartement-s2-meubl%C3%A9-aux-berges-du-lac-2,À louer,Appartement,2 800 TND,Les Berges Du Lac 2,La Marsa,La Marsa,2,1,120,
Appartement S3 à Marsa Plage,https://www.mubawab.tn/fr/a/7691984/appartement-s3-%C3%A0-marsa-plage,À louer,Appartement,4 500 TND,La Marsa,La Marsa,La Marsa,3,2,150,
Magnifique Villa s4 vue mer à la Marsa Corniche,https://www.mubawab.tn/fr/a/8078656/magnifique-villa-s4-vue-mer-%C3%A0-la-marsa-corniche,À louer,Villa,À consulter,La Marsa,La Marsa,La Marsa,5,0,Non spécifié,
Villa S4 au coeur de la Marsa ville,https://www.mubawab.tn/fr/a/8269128/villa-s4-au-coeur-de-la-marsa-ville,À louer,Villa,5 500 TND,La Marsa,La Marsa,La Marsa,4,0,250,
Appartement S1 au Coeur de La Marsa,https://www.mubawab.tn/fr/a/8179703/appartement-s1-au-coeur-de-la-marsa,À louer,Appartement,2 500 TND,La Marsa,La Marsa,La Marsa,1,0,80,
Magnifique S3 Meublé Pieds dans l'eau,https://www.mubawab.tn/fr/a/8250284/magnifique-s3-meubl%C3%A9-pieds-dans-l-eau,À louer,Appartement,7 500 TND,La Marsa,La Marsa,La Marsa,3,0,180,
Magnifique villa S3 meublée à la Marina,https://www.mubawab.tn/fr/a/7953803/magnifique-villa-s3-meubl%C3%A9e-%C3%A0-la-marina,À louer,Appartement,8 500 TND,La Marsa,La Marsa,La Marsa,3,3,500,
Résidence Canopée – Chotrana 1,https://www.mubawab.tn/fr/p/4508/r%C3%A9sidence-canop%C3%A9e-%E2%80%93-chotrana-1,À louer,Autre, TND,Chotrana 1,La Soukra,La Soukra,0,0,Non spécifié,
H8 à louer au Lac 2,https://www.mubawab.tn/fr/a/8286903/h8-%C3%A0-louer-au-lac-2,À louer,Autre,7 000 TND,Les Berges Du Lac 2,La Marsa,La Marsa,8,1,250,
"Bureau ouvert 10 pers. À TUNIS, Urbain Nord",https://www.mubawab.tn/fr/a/8078092/bureau-ouvert-10-pers-%C3%A0-tunis-urbain-nord,À louer,Bureau,6 149 TND,Centre Urbain Nord,Cité El Khadra,Cité El Khadra,0,1,45,
"Bureau ouvert pour 10 à TUNIS, Berges du Lac 2",https://www.mubawab.tn/fr/a/8133825/bureau-ouvert-pour-10-%C3%A0-tunis-berges-du-lac-2,À louer,Bureau,6 498 TND,Les Berges Du Lac 2,La Marsa,La Marsa,0,2,45,
"Bureau ouvert pour 10 personnes à Sfax, La Rocade",https://www.mubawab.tn/fr/a/8259119/bureau-ouvert-pour-10-personnes-%C3%A0-sfax-la-rocade,À louer,Bureau,4 077 TND,Sfax Ville,Sfax Ville,Sfax Ville,0,2,45,
"Bureau à louer pour 10 à Tunis, Av. De La Monnaie",https://www.mubawab.tn/fr/a/8288464/bureau-%C3%A0-louer-pour-10-%C3%A0-tunis-av-de-la-monnaie,À louer,Bureau,7 649 TND,Les Berges Du Lac 2,La Marsa,La Marsa,0,2,45,
Villa S4 à Gammarth Supérieur,https://www.mubawab.tn/fr/a/8249805/villa-s4-%C3%A0-gammarth-sup%C3%A9rieur,À louer,Villa,3 700 TND,Gammarth Supérieur,La Marsa,La Marsa,4,4,350,
Triplex S4 avec jardin à Ain Zaghouan Nord,https://www.mubawab.tn/fr/a/8282082/triplex-s4-avec-jardin-%C3%A0-ain-zaghouan-nord,À louer,Autre,4 000 TND,Ain Zaghouan Nord,La Marsa,La Marsa,4,2,320,
Appartement meublé avec piscine à Sidi Daoud,https://www.mubawab.tn/fr/a/8281466/appartement-meubl%C3%A9-avec-piscine-%C3%A0-sidi-daoud,À louer,Appartement,5 500 TND,Sidi Daoued,La Marsa,La Marsa,3,2,160,
Villa S3 avec jardin vue sur mer à Gammarth,https://www.mubawab.tn/fr/a/8240822/villa-s3-avec-jardin-vue-sur-mer-%C3%A0-gammarth,À louer,Appartement,8 500 TND,Gammarth,La Marsa,La Marsa,3,3,Non spécifié,
Duplex S5 de 150m2 à Menzah 9,https://www.mubawab.tn/fr/a/8214315/duplex-s5-de-150m2-%C3%A0-menzah-9,À louer,Appartement,1 800 TND,El Menzah 9,El Menzah,El Menzah,5,3,150,
Location joli appartement s3 splendide vue sur mer,https://www.mubawab.tn/fr/a/8252415/location-joli-appartement-s3-splendide-vue-sur-mer,À louer,Appartement,3 800 TND,La Marsa,La Marsa,La Marsa,3,3,150,
Un appartement s2 a louer,https://www.mubawab.tn/fr/a/8283551/un-appartement-s2-a-louer,À louer,Appartement,1 250 TND,La Soukra,La Soukra,La Soukra,2,2,109,
Location appartement meublé s3 marsa plage,https://www.mubawab.tn/fr/a/8274395/location-appartement-meubl%C3%A9-s3-marsa-plage,À louer,Appartement,4 000 TND,La Marsa,La Marsa,La Marsa,3,2,160,
Location annuelle appartement s3à Hammamet yasmine,https://www.mubawab.tn/fr/a/8283126/location-annuelle-appartement-s3%C3%A0-hammamet-yasmine,À louer,Appartement,1 500 TND,Yasmine Hammamet,Hammamet,Hammamet,3,2,130,
Location Villa Sérénité S4,https://www.mubawab.tn/fr/a/8103635/location-villa-s%C3%A9r%C3%A9nit%C3%A9-s4,À louer,Villa,5 500 TND,Hammamet Nord,Hammamet,Hammamet,4,2,420,
Location Appartement Daniel S2,https://www.mubawab.tn/fr/a/8276137/location-appartement-daniel-s2,À louer,Appartement,1 750 TND,Sidi El Mahrsi,Nabeul,Nabeul,2,1,82,
A louer Bureau H2 à Bhar Lazrag,https://www.mubawab.tn/fr/a/8285675/a-louer-bureau-h2-%C3%A0-bhar-lazrag,À louer,Bureau,750 TND,Bhar Lazreg,La Marsa,La Marsa,0,1,70,
A louer un S1 à l'Aouina Dar Faddal,https://www.mubawab.tn/fr/a/8286587/a-louer-un-s1-%C3%A0-l-aouina-dar-faddal,À louer,Appartement,1 200 TND,Aouina,La Marsa,La Marsa,1,1,85,
A louer un bureau H2 à la Soukra,https://www.mubawab.tn/fr/a/8287755/a-louer-un-bureau-h2-%C3%A0-la-soukra,À louer,Bureau,1 100 TND,La Soukra,La Soukra,La Soukra,0,1,105,
A louer immeuble à usage de bureaux,https://www.mubawab.tn/fr/a/8263460/a-louer-immeuble-%C3%A0-usage-de-bureaux,À louer,Bureau,À consulter,Tunis Belvedere,El Menzah,El Menzah,0,4,665,
A louer villa à El Omrane France ville,https://www.mubawab.tn/fr/a/8269868/a-louer-villa-%C3%A0-el-omrane-france-ville,À louer,Villa,À consulter,El Omrane,El Omrane,El Omrane,10,4,600,
A louer une villa meublée à Sabelet ben ammar,https://www.mubawab.tn/fr/a/8254098/a-louer-une-villa-meubl%C3%A9e-%C3%A0-sabelet-ben-ammar,À louer,Villa,À consulter,Cebalat Ben Ammar,Sidi Thabet,Sidi Thabet,3,2,1260,
A louer Bureau en H2 à ennasr 1,https://www.mubawab.tn/fr/a/8251233/a-louer-bureau-en-h2-%C3%A0-ennasr-1,À louer,Bureau,1 250 TND,Cité Ennasr 1,Ariana Ville,Ariana Ville,0,1,77,
A louer un local commercial aux Berges du Lac2,https://www.mubawab.tn/fr/a/8288903/a-louer-un-local-commercial-aux-berges-du-lac2,À louer,Local Commercial,4 000 TND,Les Berges Du Lac 2,La Marsa,La Marsa,0,1,200,
A louer un appartement à Rades,https://www.mubawab.tn/fr/a/8288895/a-louer-un-appartement-%C3%A0-rades,À louer,Appartement,550 TND,Cité Mohamed Ali,Rades,Rades,2,1,90,
Duplex S4 avec Jardin aux Jardins de Carthage,https://www.mubawab.tn/fr/a/8287260/duplex-s4-avec-jardin-aux-jardins-de-carthage,À louer,Appartement,3 200 TND,Les Jardins de Carthage,Le Kram,Le Kram,4,3,Non spécifié,
Non spécifié,,À louer,Autre,Non spécifié,Non spécifié,Non spécifié,Non spécifié,0,0,Non spécifié,
Une villa s3 avec jardin à carthage,https://www.mubawab.tn/fr/a/8283683/une-villa-s3-avec-jardin-%C3%A0-carthage,À louer,Appartement,4 800 TND,Carthage,Carthage,Carthage,3,2,450,
Un duplex s4 à la soukra,https://www.mubawab.tn/fr/a/8285004/un-duplex-s4-%C3%A0-la-soukra,À louer,Appartement,2 800 TND,Chotrana 3,La Soukra,La Soukra,4,2,200,
Duplex s4 vue mer à la marsa,https://www.mubawab.tn/fr/a/8284228/duplex-s4-vue-mer-%C3%A0-la-marsa,À louer,Appartement,6 500 TND,La Marsa,La Marsa,La Marsa,4,2,200,
Une villa s4 avec piscine à la soukra,https://www.mubawab.tn/fr/a/8116716/une-villa-s4-avec-piscine-%C3%A0-la-soukra,À louer,Villa,4 800 TND,La Soukra,La Soukra,La Soukra,4,2,400,
Un appartement s1 à cité les palmeraies,https://www.mubawab.tn/fr/a/8284183/un-appartement-s1-%C3%A0-cit%C3%A9-les-palmeraies,À louer,Appartement,900 TND,Ain Zaghouan,La Marsa,La Marsa,1,1,60,
Un appartement s3 au lac2 vue lac,https://www.mubawab.tn/fr/a/8268220/un-appartement-s3-au-lac2-vue-lac,À louer,Appartement,3 000 TND,Les Berges Du Lac 2,La Marsa,La Marsa,3,2,120,
Un duplex s3 indépendant à gammarth,https://www.mubawab.tn/fr/a/8272060/un-duplex-s3-ind%C3%A9pendant-%C3%A0-gammarth,À louer,Appartement,2 400 TND,Gammarth,La Marsa,La Marsa,3,2,200,
Résidence Cap Kantaoui _ à 1 min de la Plage,https://www.mubawab.tn/fr/p/3854/r%C3%A9sidence-cap-kantaoui-%C3%A0-1-min-de-la-plage,À louer,Autre, TND,El Kantaoui,Hammam Sousse,Hammam Sousse,0,0,Non spécifié,
Un appartement s1 aux jardins de carthage,https://www.mubawab.tn/fr/a/8121829/un-appartement-s1-aux-jardins-de-carthage,À louer,Appartement,1 600 TND,Les Jardins de Carthage,Le Kram,Le Kram,1,1,80,
Bureaux à louer à Sahloul. Surface de 66 m²,https://www.mubawab.tn/fr/pa/8234719/bureaux-%C3%A0-louer-%C3%A0-sahloul-surface-de-66-m%C2%B2,À louer,Bureau,À consulter,Sahloul,Sahloul,Sahloul,0,1,66,
RDC de villa meublé Zen à louer à Salambo,https://www.mubawab.tn/fr/a/8233894/rdc-de-villa-meubl%C3%A9-zen-%C3%A0-louer-%C3%A0-salambo,À louer,Villa,2 500 TND,Salambo,Carthage,Carthage,3,2,160,
Villa meublée avec piscine a gammarth golf,https://www.mubawab.tn/fr/a/8251951/villa-meubl%C3%A9e-avec-piscine-a-gammarth-golf,À louer,Villa,9 500 TND,Gammarth,La Marsa,La Marsa,4,4,600,
Location appartement S1 les jardins de Carthage,https://www.mubawab.tn/fr/a/8215260/location-appartement-s1-les-jardins-de-carthage,À louer,Appartement,1 200 TND,Les Jardins de Carthage,Le Kram,Le Kram,1,1,70,
Location appartement S2 El Maalga la Marsa,https://www.mubawab.tn/fr/a/8274998/location-appartement-s2-el-maalga-la-marsa,À louer,Appartement,1 500 TND,Cité Les Pins,La Marsa,La Marsa,2,2,100,
A louer s1 neuf à bhar lazreg,https://www.mubawab.tn/fr/a/8281215/a-louer-s1-neuf-%C3%A0-bhar-lazreg,À louer,Appartement,1 300 TND,Bhar Lazreg,La Marsa,La Marsa,1,1,65,
A louer un S1 aux jardins de Carthage,https://www.mubawab.tn/fr/a/8122042/a-louer-un-s1-aux-jardins-de-carthage,À louer,Appartement,1 500 TND,Les Jardins de Carthage,Le Kram,Le Kram,1,1,65,
A louer un bureau A4 au lac2,https://www.mubawab.tn/fr/a/8264715/a-louer-un-bureau-a4-au-lac2,À louer,Bureau,3 160 TND,Les Berges Du Lac 2,La Marsa,La Marsa,5,3,148,
A louer un bureau A4 au lac2,https://www.mubawab.tn/fr/a/7710700/a-louer-un-bureau-a4-au-lac2,À louer,Bureau,2 250 TND,Les Berges Du Lac 2,La Marsa,La Marsa,0,2,130,
A louer un bureau A5 au lac2,https://www.mubawab.tn/fr/a/7644483/a-louer-un-bureau-a5-au-lac2,À louer,Bureau,3 150 TND,Les Berges Du Lac 2,La Marsa,La Marsa,5,3,240,
A louer s1 au lac2,https://www.mubawab.tn/fr/a/8286589/a-louer-s1-au-lac2,À louer,Appartement,1 500 TND,Les Berges Du Lac 2,La Marsa,La Marsa,1,1,65,
Location appartement S3,https://www.mubawab.tn/fr/a/8284907/location-appartement-s3,À louer,Appartement,2 100 TND,Ain Zaghouan,La Marsa,La Marsa,3,2,160,
Villa avec piscine et jardin à louer aux Berges du Lac 2,https://www.mubawab.tn/fr/a/8269793/villa-avec-piscine-et-jardin-%C3%A0-louer-aux-berges-du-lac-2,À louer,Villa,12 000 TND,Les Berges Du Lac 2,La Marsa,La Marsa,3,0,672,
A louer un appartement S2 à la Soukra Park,https://www.mubawab.tn/fr/a/8206333/a-louer-un-appartement-s2-%C3%A0-la-soukra-park,À louer,Appartement,1 450 TND,La Soukra,La Soukra,La Soukra,2,1,130,
Appartement S3 meublé aux berges du lac 2,https://www.mubawab.tn/fr/a/8281118/appartement-s3-meubl%C3%A9-aux-berges-du-lac-2,À louer,Appartement,4 500 TND,Les Berges Du Lac 2,La Marsa,La Marsa,3,0,200,
Une magnifique villa S3 meublé avec jardin,https://www.mubawab.tn/fr/a/8247561/une-magnifique-villa-s3-meubl%C3%A9-avec-jardin,À louer,Appartement,7 000 TND,Les Berges Du Lac 2,La Marsa,La Marsa,3,3,Non spécifié,
"Bureau pour 10 à Tunis, Access Building Lac II",https://www.mubawab.tn/fr/a/8229866/bureau-pour-10-%C3%A0-tunis-access-building-lac-ii,À louer,Bureau,10 039 TND,Les Berges Du Lac 2,La Marsa,La Marsa,0,2,45,
"Bureau 5 pers. À Tunis, Le Golfe de Tunis",https://www.mubawab.tn/fr/a/8078137/bureau-5-pers-%C3%A0-tunis-le-golfe-de-tunis,À louer,Bureau,4 349 TND,Carthage,Carthage,Carthage,0,1,30,
Villa S4 avec piscine à Gammarth,https://www.mubawab.tn/fr/a/8272356/villa-s4-avec-piscine-%C3%A0-gammarth,À louer,Villa,8 000 TND,Gammarth,La Marsa,La Marsa,4,4,500,
S4 meublé avec piscine à La Marsa,https://www.mubawab.tn/fr/a/8287373/s4-meubl%C3%A9-avec-piscine-%C3%A0-la-marsa,À louer,Autre,5 500 TND,Sidi Daoued,La Marsa,La Marsa,4,4,300,
A louer une Villa S4 avec jardin et piscine,https://www.mubawab.tn/fr/a/8273795/a-louer-une-villa-s4-avec-jardin-et-piscine,À louer,Villa,3 800 TND,La Soukra,La Soukra,La Soukra,4,3,300,
Superbe étage de villa de standing à La Marsa,https://www.mubawab.tn/fr/a/8278242/superbe-%C3%A9tage-de-villa-de-standing-%C3%A0-la-marsa,À louer,Villa,1 800 TND,Marsa Erriadh,La Marsa,La Marsa,3,3,200,
"À louer à Gammarth, à deux pas du Café Journal",https://www.mubawab.tn/fr/a/8287147/%C3%A0-louer-%C3%A0-gammarth-%C3%A0-deux-pas-du-caf%C3%A9-journal,À louer,Autre,3 000 TND,Gammarth Supérieur,La Marsa,La Marsa,2,1,90,
A Louer S3 Meuble Vue Mer,https://www.mubawab.tn/fr/a/8250608/a-louer-s3-meuble-vue-mer,À louer,Appartement,5 800 TND,Gammarth,La Marsa,La Marsa,3,2,110,
A Louer S3 Meuble,https://www.mubawab.tn/fr/a/8250567/a-louer-s3-meuble,À louer,Appartement,1 800 TND,Cité Du Stade,La Marsa,La Marsa,3,1,120,
Non spécifié,,À louer,Autre,Non spécifié,Non spécifié,Non spécifié,Non spécifié,0,0,Non spécifié,
